,geo_full_name,geo_id,geo_x1,geo_x2,geo_y1,geo_y2
0,"São Paulo, Brasil",68e019afec7d0ba5,-24.008814,-46.826039,-23.356792,-46.365052
1,"Parnamirim, Brasil",eb064d2fe812dac8,-5.984814,-35.309263,-5.851611,-35.119821
2,"Gurupi, Brasil",7bdb0399a9e02f18,-11.962539,-49.180066,-11.353907,-48.5696866
3,"Rio de Janeiro, Brasil",97bcdfca1a2dca59,-23.08302,-43.795449,-22.7398234,-43.0877068
4,"Foz do Iguaçu, Brasil",91f818a4abfb1d4d,-25.695489,-54.619501,-25.212313,-54.294691
