,geo_full_name,geo_id,geo_x1,geo_x2,geo_y1,geo_y2
0,"São Paulo, Brasil",68e019afec7d0ba5,-24.008814,-46.826039,-23.356792,-46.365052
1,"Teresina, Brasil",8bc4eeacf63235f9,-5.5866025,-42.9706787,-4.7860339,-42.5989669
