,geo_full_name,geo_id,geo_x1,geo_x2,geo_y1,geo_y2
0,"Parnamirim, Brasil",eb064d2fe812dac8,-5.984814,-35.309263,-5.851611,-35.119821
1,"Gurupi, Brasil",7bdb0399a9e02f18,-11.962539,-49.180066,-11.353907,-48.5696866
2,"Porto Velho, Brasil",1ba6cc7d83e56acd,-10.000438,-66.806243,-7.969338,-62.236992
3,"Salvador, Brasil",e60cc1f72c303272,-13.02679,-38.700244,-12.723879,-38.305051
4,"Rio de Janeiro, Brasil",97bcdfca1a2dca59,-23.08302,-43.795449,-22.7398234,-43.0877068
