,geo_full_name,geo_id,geo_x1,geo_x2,geo_y1,geo_y2
0,"Três Lagoas, Brasil",8646686d7ee4c55b,-21.198861,-52.794072,-19.6109473,-51.567664
1,"Natal, Brasil",a4ddc3856053f7e1,-5.897826,-35.2911777,-3.8517709,-33.8094403
2,"São Luís, Brasil",23299615a880d29d,-2.800361,-44.441517,-2.45821,-44.163584
3,"Rio de Janeiro, Brasil",97bcdfca1a2dca59,-23.08302,-43.795449,-22.7398234,-43.0877068
4,"Americana, Brasil",0bdb47219a1bda81,-22.784927,-47.387621,-22.663191,-47.192664
