,geo_full_name,geo_id,geo_x1,geo_x2,geo_y1,geo_y2
0,"São Paulo, Brasil",68e019afec7d0ba5,-24.008814,-46.826039,-23.356792,-46.365052
1,"Criciúma, Brasil",fe512979fed865c4,-28.843485,-49.4774653,-28.634609,-49.2434913
