,geo_full_name,geo_id,geo_x1,geo_x2,geo_y1,geo_y2
0,"Nova Iguaçu, Brasil",4029837e46e8e369,-22.865838,-43.681932,-22.527218,-43.366801
1,"Porto Alegre, Brasil",894146230dd1d42d,-30.2688069,-51.3061478,-29.9308654,-51.012471
0,"Osasco, Brasil",32e64dedd065063f,-23.607363,-46.821862,-23.459503,-46.747106
1,,,,,,
