,geo_full_name,geo_id,geo_x1,geo_x2,geo_y1,geo_y2
0,"Brasília, Brasil",5722ff20ba67083b,-16.0524045,-48.285982,-15.5001029,-47.307264
1,"Ananindeua, Brasil",ed74cc748183253a,-1.465523,-48.440172,-1.223149,-48.321967
