,geo_full_name,geo_id,geo_x1,geo_x2,geo_y1,geo_y2
0,"Passos, Brasil",0451b7002ef8f39f,-20.993073,-46.86312,-20.462801,-46.37935
1,,,,,,
0,"Salvador, Brasil",e60cc1f72c303272,-13.02679,-38.700244,-12.723879,-38.305051
1,,,,,,
