,geo_full_name,geo_id,geo_x1,geo_x2,geo_y1,geo_y2
0,"Governador DIX-Sept Rosado, Brasil",5222245438a9f21b,-5.587319,-37.82445,-5.2250669,-37.293256
1,,,,,,
2,,,,,,
0,"Salvador, Brasil",e60cc1f72c303272,-13.02679,-38.700244,-12.723879,-38.305051
1,"Itatiaia, Brasil",512e105f48f0e9e4,-22.5655873,-44.660696,-22.3204244,-44.478656
2,,,,,,
