,geo_full_name,geo_id,geo_x1,geo_x2,geo_y1,geo_y2
0,"Belo Horizonte, Brasil",d9d978b087a92583,-20.059816,-44.062789,-19.777568,-43.856856
1,FALE - Faculdade de Letras,0fc2c4533414d000,-19.866432666104885,-43.96065839981648,-19.866432666104885,-43.96065839981648
2,"São Paulo, Brasil",68e019afec7d0ba5,-24.008814,-46.826039,-23.356792,-46.365052
0,"Salvador, Brasil",e60cc1f72c303272,-13.02679,-38.700244,-12.723879,-38.305051
1,"São Paulo, Brasil",8cd72e7876a6c73d,-25.312344,-53.110051,-19.779759,-44.16098
2,,,,,,
