,geo_full_name,geo_id,geo_x1,geo_x2,geo_y1,geo_y2
0,"Salvador, Brasil",e60cc1f72c303272,-13.02679,-38.700244,-12.723879,-38.305051
1,"Limeira, Brasil",1ed0d68d50dc35c1,-22.738772,-47.51119,-22.444757,-47.211948
2,"Serra, Brasil",85f604f26afe552f,-20.2658929,-40.4362819,-20.013495,-40.1714438
0,"Limeira, Brasil",1ed0d68d50dc35c1,-22.738772,-47.51119,-22.444757,-47.211948
1,,,,,,
2,,,,,,
