,geo_full_name,geo_id,geo_x1,geo_x2,geo_y1,geo_y2
0,"Sorocaba, Brasil",5579f6b17e36847b,-23.588767,-47.570414,-23.351245,-47.302852
1,"Belo Horizonte, Brasil",d9d978b087a92583,-20.059816,-44.062789,-19.777568,-43.856856
2,"Lorena, Brasil",b4b48bcb1e6b53b7,-22.9263325,-45.20643,-22.6298091,-44.8887213
